Data_Tweet,Autor,Local,Tweet_Text,Retweeted,Favourited,Retweet Count,Favorite Count,In Reply to
2018-03-14 21:00:02,Saraiva,,b'Sabe aquele produto que voce nao encontra facil por ai? A Saraiva tem mais de 1 milhao de produtos cadastrados! Precisou? Procura na Saraiva: https://t.co/YK0v1sLjiZ https://t.co/6UquvDGu1N',False,False,0,11,
2018-03-14 19:00:02,Saraiva,,"b'Prepare-se desde ja para o dia mais importante dos proximos anos. Para encontrar tudo o que voce precisa, passe na Saraiva: https://t.co/Mux2eugRrA https://t.co/RxKByKsbzN'",False,False,0,4,
2018-03-14 17:48:22,Saraiva,,"b'Dos consoles para os cinemas e de volta aos games. Depois de assistir ""Tomb Raider"", que estreia amanha, voce nao vai querer jogar outra coisa: https://t.co/XxkDzkGk28 https://t.co/pPA2Q9fFxy'",False,False,1,12,
2018-03-14 17:00:02,Saraiva,,"b'Quase 50 anos de estrada e 18 discos lancados, ta ai uma trajetoria de respeito.  ""Firepower"", o novo album do @judaspriest, ja esta na Saraiva: https://t.co/BGvvu6vDVI https://t.co/x5o3j1DOQj'",False,False,0,10,
2018-03-14 15:00:02,Saraiva,,"b'Saudades da @LauraPausini ? A cantora italiana que ja ultrapassou o numero de 70 milhoes de discos vendidos esta de com um novo album, que conta ainda com a participacao da dupla @SimoneSimaria. Fatti Sentire na pre-venda: https://t.co/dWAor4mnzw https://t.co/SIrXlQf2yx'",False,False,7,29,
2018-03-14 12:09:47,Saraiva,,b'RT @ArrowBrasil: Vai rolar encontro de fas da Liga da Justica para o lancamento do filme em DVD e Blu-ray no Shopping Center Norte em Sao P...',False,False,10,0,
2018-03-14 12:00:02,Saraiva,,b'A garotada ta pedindo para trocar o kit da escola?\n\nMochilas e lancheiras com descontos de no minimo 30% na Semana do Consumidor: https://t.co/nD0P2osdXN https://t.co/Ewau2RGsiM',False,False,0,14,
2018-03-13 21:30:18,Saraiva,,b'RT @TheFlashBRA: #INFO: Recadinho importante para quem e de SAO PAULO e regiao.\n\nEncontro de Fas e lancamento do Blu Ray do filme da #LigaD...',False,False,6,0,
2018-03-13 21:29:51,Saraiva,,"b'Na Semana do Consumidor tem descontos em musica tambem. Em musicONA, alias! @Beyonce em oferta: https://t.co/i7iETMRIyc https://t.co/fLfFCvQyRZ'",False,False,0,17,
2018-03-13 21:00:04,Saraiva,,"b'Tambem nao estamos conseguindo lidar com o novo trailer de Os Crimes de Grindewald! Para driblar a ansiedade, vamos voltar as leituras de #AnimaisFantasticos. E sugerimos que voce faca o mesmo: https://t.co/jJKSfBibPO https://t.co/9eNplR1E5b'",False,False,1,26,
2018-03-13 19:00:02,Saraiva,,b'Seria a Marvel a franquia com os melhores herois? Descubra voce mesmo! Preparamos uma lista com diversos livros e HQs para voce tirar a prova:  https://t.co/q5pMsPVNxI https://t.co/1014ZVk7V6',False,False,1,14,
2018-03-13 18:35:45,Saraiva,,"b'RT @FJSaramago: Acabadas de chegar do outro lado do Atlantico, as edicoes da obra de Jose #Saramago para a coleccao especial da Saraiva e d...'",False,False,16,0,
2018-03-13 15:00:02,Saraiva,,"b'Two lives. Two loves. One choice.\nEvery love story has a beginning...\n\nPara treinar o ingles, leia no idioma original. ""The Light We Lost"": https://t.co/ZE6aysOna5 https://t.co/XHuZZYX6H4'",False,False,1,8,
2018-03-13 09:00:02,Saraiva,,"b'Proteja seu smartphone contra furtos, roubos e quebras acidentais com a Protecao Saraiva: https://t.co/0tIRkhkt6u https://t.co/dHeVxKTHXQ'",False,False,2,17,
2018-03-13 07:00:01,Saraiva,,"b""Quem ai tem um gatinho? Ja chegou na Saraiva o novo volume dos quadrinhos de humor mais adoraveis do momento. Herding Cats - A Sarah's Scribbles Collection: https://t.co/ERUWElYXRz https://t.co/AF2am57JDg""",False,False,1,24,
2018-03-12 22:00:01,Saraiva,,"b'A Semana do Consumidor esta com descontos de ate 80% em livros: https://t.co/nD0P2osdXN . Garanta uma variedade de historias para comecar a ler no fds, na proxima semana, no mes que vem... https://t.co/VrLL1FUwWI'",False,False,7,31,
2018-03-12 19:20:21,Saraiva,,b'Adquirir conhecimento nao pode ser complicado. Livros e materiais para universitarios em ate 15x sem juros no cartao de credito Saraiva e em ate 10x nos demais cartoes: https://t.co/Mux2eugRrA https://t.co/gUSrRexeIX',False,False,1,19,
2018-03-12 19:01:17,Saraiva,,b'Paises prosperam atraves de conhecimento para todos. Ofertas incriveis em livros didaticos na Saraiva: https://t.co/9GPnygomBJ https://t.co/JGDiqVhA2x',False,False,0,11,
2018-03-12 14:13:01,Saraiva,,"b'O terceiro volume da serie do bruxo mais adorado do mundo, ganha edicao ilustrada pela @editorarocco . Nao da pra perder: https://t.co/5afy8c7YHB https://t.co/bPg65eq0iL'",False,False,7,50,
2018-03-12 11:29:20,Saraiva,,b'Sem nada pra fazer e procurando novas indicacoes de leitura? Nos pedimos e a @DearMaidy preparou uma lista especial com sugestoes de livros que ficaram guardados no coracao: https://t.co/SzoCtqF4BV https://t.co/FsyGhKFNcq',False,False,1,18,
2018-03-11 21:35:02,Saraiva,,"b'""Viver com as pessoas pode ser melhor do que viver para se adequar ao mercado."" @marciatiburi traz sua visao sobre a realidade dos universitarios no ""Fala Ai, Saraiva"". Assista: https://t.co/HlPaC0Osgm https://t.co/Yk2fLWGbnn'",False,False,2,19,
2018-03-11 17:01:01,Saraiva,,b'Bons medicos sao indispensaveis em qualquer pais. Vamos facilitar o acesso ao conhecimento dos nossos universitarios? Livros de medicina com ate 40% OFF: https://t.co/qr9ePNhpFI https://t.co/Yqr8ne7Qq5',False,False,3,37,
2018-03-10 19:00:28,Saraiva,,b'Aqui na Saraiva voce pode fazer suas compras online e retirar na loja mais proxima: https://t.co/5EhmE14Q7i https://t.co/oJSGukwTTM',False,False,0,35,
2018-03-10 18:00:02,Saraiva,,"b'Voce sabia que temos Ninhos de Livros espalhados por cidades do Brasil? Neles, voce doa um livro seu e pode levar outro para ler em casa. Encontre o Ninho mais proximo e vamos compartilhar o prazer pela leitura: https://t.co/1SF5X1FrLY https://t.co/VIneBnHnmm'",False,False,17,62,
2018-03-10 17:01:00,Saraiva,,"b'Cabecas pensantes para cuidar de mentes inquietas. Livros de psicologia a partir de R$23,90: https://t.co/FCvdm8N6H2 https://t.co/EN7yFfCe7V'",False,False,2,51,
2018-03-10 15:01:01,Saraiva,,"b'Queremos saber: na sua opiniao, quem deveria liderar a Liga da Justica? https://t.co/vUps5W2PCO https://t.co/0HlAIiZTX3'",False,False,4,60,
2018-03-08 20:22:59,Saraiva,,b'Voce tem o costume de acompanhar a literatura feminina? Grandes mulheres sao responsaveis pela producao de livros excelentes dia apos dia. Conheca alguns deles aqui: https://t.co/ox8phSlyS0 https://t.co/rV5KWH61A3',False,False,7,40,
2018-03-08 17:01:02,Saraiva,,"b'Quem le sabe que o feminismo nao e uma afronta das mulheres, e sim, uma exigencia de respeito e reconhecimento em uma sociedade tao desigual. Para entender esses conceitos, leia Feminismo Em Comum: Para Todas, Todes E Todos.: https://t.co/tcHwSoJRIV https://t.co/vJ2rJDElzw'",False,False,36,154,
2018-03-08 12:00:01,Saraiva,,"b'Aqui na Saraiva tem livros em oferta para alunos de todos os cursos. Conta pra gente: qual e, ou foi, o seu curso na facul? https://t.co/ir3JblqrNb'",False,False,2,40,
2018-03-07 21:00:44,Saraiva,,b'Voce compra bastante na Saraiva? Sabia que essas compras podem te dar pontos que se transformam em descontos? Faca parte do Saraiva Plus: https://t.co/IXM2BlHlIm https://t.co/c8zH6Qelyv',False,False,3,40,
2018-03-07 16:00:02,Saraiva,,"b'Humanas, exatas, biologicas... nao importa qual galera voce escolheu: aqui na Saraiva todo mundo encontra os descontos certos para ajudar nos estudos: https://t.co/ZAMSZpuqSd https://t.co/z6rAQD39O2'",False,False,0,16,
2018-03-07 15:00:27,Saraiva,,"b'Nunca e tarde demais para comecar a ouvir Jimi Hendrix. Com uma coletanea que reune ate faixas nunca antes lancadas fica ainda melhor. ""Both Sides Of The Sky"" na Saraiva: https://t.co/EyfpgshkMO https://t.co/GY1d4agrFT'",False,False,1,23,
2018-03-06 21:00:03,Saraiva,,"b'No aniversario do eterno Gabriel Garcia Marquez, de um presente para seus amigos e indique a leitura de um dos maiores escritores latino-americanos da historia: https://t.co/0FVIvC9Mqw https://t.co/IIlr1Qz2T7'",False,False,4,27,
2018-03-06 19:59:36,Saraiva,,"b'Ofertas para nao ficar perdido no primeiro semestre da facul? Na Saraiva, tem: https://t.co/gOlQIfbUvd https://t.co/a9go6gVP5k'",False,False,1,12,
2018-03-06 17:00:27,Saraiva,,b'Grandes roteiros inspiram-se em grandes livros. Conheca as historias que sairam do papel para levantar a estatueta do Oscar: https://t.co/0RgD8vY4iJ https://t.co/CkspqugzSk',False,False,3,35,
2018-03-06 15:00:35,Saraiva,,"b'Se os livros ja inspiravam os filmes, com as series nao seria diferente, ne? Venha ler as historias que deram origem as suas maratonas mais gostosas: https://t.co/v8wojEEISn https://t.co/HF0GEJpBpX'",False,False,2,23,
2018-03-05 22:00:01,Saraiva,,b'#quemnunca se perdeu e comecou a assistir aulas de outro curso na facul? Conta para a gente: https://t.co/1Uut03RvTl https://t.co/wR3Diu1rfw',False,False,0,13,
2018-03-05 20:00:23,Saraiva,,"b'ATENCAO, MULHERES! Dia 8/3 teremos um desconto EXCLUSIVO para voces. 50% OFF em livros e papelaria. Para aproveitar, cadastre-se agora: https://t.co/oqZjXRYcav https://t.co/mN7cWnDTQs'",False,False,101,220,
2018-03-05 18:01:00,Saraiva,,b'Sabia que na Saraiva da para comprar ate as 15h e receber no maximo as 22h? Confira as regioes atendidas e aproveite: https://t.co/eh3zihCB4a https://t.co/Djdazx9Vgp',False,False,1,14,
2018-03-04 20:00:02,Saraiva,,"b'Qual livro brinca com os seus sentimentos?\nDesencantada, o 5o volume da serie Best Seller ""Perdida"" ja chegou aqui na Saraiva. Para quem tem asas nos pes: https://t.co/bW1AxZUPp2 https://t.co/KuXG0e81Fo'",False,False,2,33,
2018-03-04 17:00:57,Saraiva,,b'Inclua a Saraiva na sua lista de passeios para a semana. Temos uma porcao de eventos esperando por voce: https://t.co/IUrHLqVdze https://t.co/9gXaw2aDcG',False,False,0,10,
2018-03-04 14:00:01,Saraiva,,"b'Este thriller ambientado na Guerra Fria utiliza uma narrativa em tempo real e gera uma expectativa extraordinaria. Impossivel parar de ler.  Booklist. Topa comecar ja? ""Contagem Regressiva"", de @KMFollett, aqui na Saraiva: https://t.co/EEk4B3ooIg https://t.co/Tn6LakiV77'",False,False,1,10,
2018-03-03 23:00:01,Saraiva,,"b'#leiamulheres: Valorize a literatura feminina! Leia ""O Conto da Aia"" de @MargaretAtwood: https://t.co/gI7LPG033e https://t.co/VTahD2gwya'",False,False,12,64,
2018-03-03 20:00:02,Saraiva,,"b'Conta ai: qual e o seu filme favorito da historia do Oscar? E aproveite para levar uma copia para casa por apenas R$19,90:  https://t.co/Kn51Au61D7 https://t.co/DV1W9R9sMT'",False,False,0,9,
2018-03-03 17:00:28,Saraiva,,"b'O melhor remedio para os dias tristes? Um filme como ""Extraordinario""! Sorte que e possivel ter essa receita para sempre: https://t.co/Kjnrm9sqw8 https://t.co/51m4zYmizJ'",False,False,2,40,
2018-03-03 14:00:02,Saraiva,,"b'Oi, @jtimberlake! Vamos contar umas curiosidades sobre voce, tudo bem? Para! Nao faz essa carinha: https://t.co/UWM5Oit6hA https://t.co/m9rdmyn31p'",False,False,15,82,
2018-03-02 21:00:00,Saraiva,,"b'Vamos comemorar? Ruth Rocha, uma das mais importantes escritoras brasileiras, completa 87 anos. Leitura obrigatoria para o desenvolvimento de toda e qualquer crianca: https://t.co/4l60A78Ykv https://t.co/QyjFDJqUfD'",False,False,5,37,
2018-03-02 19:00:01,Saraiva,,"b'Contadores, deixem os calculos complexos para depois. Nosso desconto progressivo em livros de contabilidade e facil, facil: https://t.co/JXvSOFptqU https://t.co/F1Z5jCcd8Y'",False,False,1,10,
2018-03-02 17:00:03,Saraiva,,"b'Ragnarok: o ""apocalipse"" da mitologia nordica. Thor vai assumir essa bronca e voce vai curtir tudo do sofa de casa: https://t.co/gegHaJburl https://t.co/iwmP8ctLtl'",False,False,4,21,
2018-03-02 14:00:00,Saraiva,,"b'Filhos geniais que nao deixam os pais em paz? Leia ""Socorro, Meu Filho Nao Tem Limites! - Manual Pratico Para Educar Filhos Ansiosos, Mas Muito Inteligentes"": https://t.co/ze7Dbnkj2Q https://t.co/5C8IoPCmRt'",False,False,2,16,
2018-03-02 12:30:15,Saraiva,,b'Voces pediram e a gente atendeu! \\o/ https://t.co/NQPSX9ITZa',False,False,69,301,
2018-03-02 00:00:00,Saraiva,,"b'Blu-Rays por R$19,90 para voce comecar a montar sua cinemateca com filmes que marcaram epoca no Oscar: https://t.co/1D6tx2QTbo https://t.co/BynP5B8nIc'",False,False,3,34,
2018-03-01 22:30:00,Saraiva,,"b'Voce tem duas opcoes para mergulhar no universo da literatura digital. Lev Neo e Lev Fit, leitores ideais de acordo com a sua necessidade: https://t.co/cW29U4GABT https://t.co/KoPWRcnhLg'",False,False,1,13,
2018-03-01 21:20:00,Saraiva,,"b'A serie Elementos, de @brittainycherry, traz quatro historias que mexem com a gente, reunidas em um unico box para quem nao consegue esperar entre um livro e outro: https://t.co/vxkTezRnZS https://t.co/WqllaGqUtS'",False,False,2,16,
2018-03-01 20:15:14,Saraiva,,"b'#JB24 Hoje e dia de comemorar mais um #JustinBday. Para nossa sorte, e so o 24o: https://t.co/trCEcQ6v2I https://t.co/0bT1asOjgw'",False,False,7,35,
2018-03-01 00:00:01,Saraiva,,"b'Dica: busque pela playlist ""Haruki Murakami\'s vinyl collection"" no Spotify e curta o acervo de + de 3.000 musicas que inspiram o incrivel escritor japones. #EuAmoLer Murakami: https://t.co/bBzGHozMYe https://t.co/IThmqOtL4i'",False,False,7,21,
2018-02-28 22:05:00,Saraiva,,"b'As mulheres estao domando Hollywood. Nao apenas expondo os maus profissionais, mas com MUITO talento. Leia mais no blog: https://t.co/aIqIv7R0bx https://t.co/gvz6saZCHg'",False,False,6,39,
2018-02-28 20:00:02,Saraiva,,"b'Sobre a perversidade que o dinheiro pode proporcionar. Leia o livro sobre a historia real de J Paul Getty, que inspirou o filme de Ridley Scott ""Todo o Dinheiro do Mundo"": https://t.co/Y6qwPerOTT https://t.co/90Lw1N0aZU'",False,False,2,9,
2018-02-28 18:00:03,Saraiva,,"b'Em Julho tem Copa, voce nao vai querer passar o mes brigando por nota, ne? Para chegar merecendo aplausos logo nas primeiras provas: https://t.co/NWrk8to14s https://t.co/yiqskqm3xb'",False,False,0,6,
2018-02-27 22:00:01,Saraiva,,"b'""A medicina e um mergulho na condicao humana, a literatura tambem."" Leia #MoacyrScilar: https://t.co/C3HcoO1moL https://t.co/faBOt7kuD5'",False,False,1,17,
2018-02-27 20:00:02,Saraiva,,b'Junte pontos e ganhe descontos em tudo o que voce mais gosta. Faca parte do #SaraivaPlus: https://t.co/eM1J5yaByd https://t.co/F19jt6Oy8B',False,False,1,14,
2018-02-27 15:02:00,Saraiva,,b'Como os professores enxergam os calouros na primeira aula do semestre. Na Saraiva voce encontra tudo para te ajudar depois dessa bagunca: https://t.co/9D752hhPkY https://t.co/Vvt5Sh7xTY',False,False,0,12,
2018-02-27 13:00:01,Saraiva,,"b'A prosa de Charles Martin e um deleite, mas sua grande forca esta em construir personagens inesqueciveis. - Publishers Weekly. Leia ""Depois Daquela Montanha"": https://t.co/MkyO9BlJV2 https://t.co/uhJACFTukh'",False,False,0,7,
2018-02-27 00:10:00,Saraiva,,"b'Lideres mundiais se reunem para criar um sistema de satelites que controlem o clima e defendam a Terra dos desastres naturais. Sera que da errado? Descubra em ""Tempestade"": https://t.co/lPSw9dYyW3 https://t.co/oeBpuCAkL6'",False,False,2,18,
2018-02-26 22:10:00,Saraiva,,"b'Voce sabia que o fofissimo ""A Parte Que Falta"" e um livro de 1976? Alem disso, ele tambem ganhou uma continuacao, ""A Parte Que Falta Encontra o Grande O"". Em pre-venda: https://t.co/5Bc93eJu3m https://t.co/9dCFrP9Ken'",False,False,2,27,
2018-02-26 20:10:00,Saraiva,,b'Eventos de todos os tipos para todos os publicos. De contacoes de historias infantis ao autografo do seu autor predileto. Confira: https://t.co/oMx8MGi5qr https://t.co/3lZgT2rPQz',False,False,0,6,
2018-02-26 18:10:03,Saraiva,,b'O @terrycrews vira 50tao em 2018 e a gente aqui morrendo de preguica de ir para a academia. Confira quais famosos completam meio seculo em 2018: https://t.co/tDhC5w5lxY https://t.co/1QGsCGr6Ci',False,False,5,32,
2018-02-26 00:00:00,Saraiva,,"b'""Bem, talvez nao queira ser minha.""\n""Talvez eu queira.""\n""A Parte Que Falta Encontra o Grande O"", a sequencia do belissimo ""A Parte Que Falta"", em pre-venda: https://t.co/eUP0RUiyVh https://t.co/8nVy8Rl4uU'",False,False,5,27,
2018-02-25 22:00:01,Saraiva,,"b'O novo ""Authenticgames"" vem com sua credencial de MANINHA / MANINHO OFICIAL. A molecada pira: https://t.co/6a5ppoJEwg https://t.co/cvmudc2yrq'",False,False,2,8,
2018-02-25 19:00:02,Saraiva,,"b'Ja assistiu Aniquilacao? O novo filme pos apocaliptico com Natalie Portman, foi inspirado em um livro. Sabia dessa? Leia ""Annihilation"" no idioma original: https://t.co/9KpEEg1B9R https://t.co/S2MKljg4TR'",False,False,3,13,
2018-02-25 16:00:00,Saraiva,,"b'Sabia que Drauzio Varella possui uma otima bibliografia? O sistema prisional brasileiro, os beneficios da corrida e ate mesmo a morte sao alguns dos assuntos abordados por doutor: https://t.co/VlTQ8ff8wf https://t.co/TtvuS7le4k'",False,False,1,22,
2018-02-25 14:00:00,Saraiva,,b'E-books com desconto progressivo? Venha garantir suas proximas leituras aqui: https://t.co/NukkpApRs1 https://t.co/XA2wMJRP27',False,False,0,12,
2018-02-24 22:00:02,Saraiva,,"b'Um livro cujo titulo combina com os amores de carnaval. ""Um Sedutor Sem Coracao"", novo livro de Lisa Kleypas, na Saraiva: https://t.co/mlvOd6lH32 https://t.co/CVr3jVKdbY'",False,False,0,15,
2018-02-24 18:30:01,Saraiva,,b'Um cupom para os apaixonados por leitura. Use EUAMOLER e garanta 15% de desconto nos seus proximos livros: https://t.co/AzU2PV9RRm https://t.co/eSsIEIqf7o',False,False,13,71,
2018-02-24 16:30:01,Saraiva,,"b'Quem joga em casa, e sempre favorito. ""Let\'s Play Two"", uma apresentacao incrivel do Pearl Jam na terra natal do vocalista Eddie Vedder: https://t.co/JTj5FdxjXe https://t.co/zVTU7C5Wu2'",False,False,3,13,
2018-02-24 16:00:04,Saraiva,,"b'Seu foco e sempre gabaritar TUDO? Ai sim! Ofertas para TODOS os tipos de universitarios, voce encontra aqui: https://t.co/fOdrcXmhhP https://t.co/2wTrgC5HVZ'",False,False,0,18,
2018-02-24 14:00:00,Saraiva,,"b'A poesia direta e brutal da indiana Rui Kaur esta de volta para nosso deleite em ""O Que O Sol Faz Com As Flores"": https://t.co/EqmZ8fH2eR https://t.co/XoWMTqS7Uo'",False,False,8,34,
2018-02-23 23:00:02,Saraiva,,"b'Para chegar garantindo o semestre todo logo de cara. Ferias mais cedo, quem nao gosta? Para ajudar na missao, passa na Saraiva: https://t.co/h0tsgKCsd2 https://t.co/A8fDlzLzmU'",False,False,0,12,
2018-02-23 22:00:02,Saraiva,,"b'Voce conhece artistas que usam pseudonimos? Conta ai pra gente!\nEscolhemos Marcos Rey, vulgo de Edmundo Nonato, autor de diversos livros que marcaram a infancia de quem nasceu antes dos anos 2000: https://t.co/zVQDHYtfxv https://t.co/P5jx1GGJGj'",False,False,2,17,
2018-02-23 19:57:53,Saraiva,,"b'Se essa era a parte que faltava, agora nao falta mais! ""A Parte Que Falta Encontra o Grande O"" esta em pre-venda na Saraiva: https://t.co/tfh6IiaszX https://t.co/JGcMoSpkwu'",False,False,8,50,
2018-02-23 19:00:03,Saraiva,,"b'Quem ja ouviu o novo disco da @RosadeSaron?\n""Gran Paradiso"", ja na Saraiva: https://t.co/ZJuBEtZ2w0 https://t.co/ka4cxJN3EE'",False,False,1,9,
2018-02-23 17:17:16,Saraiva,,"b""Adivinha quem ja deu as caras pelo site da Saraiva? Isso mesmo: os 'Greatest Hits' das Spices! Say you ll be there: https://t.co/IyCAmDovsQ https://t.co/F5l2PWHGud""",False,False,4,23,
2018-02-23 16:00:01,Saraiva,,b'Quem le mais e mais feliz. Preparamos uma selecao especial de livros curtinhos para ler um atras do outro: https://t.co/ujzMzVWoNw https://t.co/RZWaBuwRwr',False,False,1,16,
2018-02-23 13:50:00,Saraiva,,b'Uma selecao de romances para te deixar sem folego. Pelas historias e pelo desconto. Ate 50% OFF aqui na Saraiva:  https://t.co/bZUkdMQ1Xs https://t.co/9gy3DLDwdM',False,False,2,22,
2018-02-22 23:30:00,Saraiva,,"b'Autografos, autografos e mais autografos. Venha garantir a dedicatoria do seu escritor favorito na Saraiva: https://t.co/Y2N7w1bdSF https://t.co/QV2yxISrcn'",False,False,0,6,
2018-02-22 22:00:00,Saraiva,,b'Va para o Exame da OAB com todos os caminhos para o sucesso bem claros na mente. https://t.co/FYBSwT9ELs https://t.co/KC0RuOybuB',False,False,1,18,
2018-02-22 20:17:56,Saraiva,,"b'Pode comemorar! Man Of The Woods, novo album de @jtimberlake , ja esta em pre-venda na Saraiva: https://t.co/OQalYfdMkc https://t.co/YaEHbOSwpU'",False,False,68,143,
2018-02-22 20:00:02,Saraiva,,"b'Se voce ja adora assistir os gemeos mais brasileiros de Orlando, nao pode perder o livro dos irmaos Neagle: https://t.co/2TviGWLVvl https://t.co/14VhyRw9dl'",False,False,0,2,
2018-02-22 18:00:05,Saraiva,,b'Voce e aquele Universitario que ama reunir inumeras referencias para fazer os melhores trabalhos possiveis? Entao venha aproveitar nossas ofertas para aumentar sua colecao:  https://t.co/h0tsgKCsd2 https://t.co/JqwZNba3oe',False,False,2,37,
2018-02-22 15:00:01,Saraiva,,b'Nao foi festar na semana do Carnaval e zerou todas as suas series? Sem problemas! A 6a Temporada de Homeland esta esperando por voce: https://t.co/MIoHXnubA3 https://t.co/oR4TmYTXJ6',False,False,1,11,
2018-02-21 21:00:03,Saraiva,,"b'Um livro sobre como bichinhos podem mudar completamente a maneira de vermos o mundo. ""Como os Animais Salvaram Minha Vida"", de @luisamell: https://t.co/MJQGVKyJJP https://t.co/yWEUuRAvpJ'",False,False,5,28,
2018-02-21 19:29:35,Saraiva,,b'#SeEuGanhasseUmMilhao ainda assim nao completaria minha estante com todos os livros que quero ler. E voces? https://t.co/jQ2BuW20eY',False,False,17,62,
2018-02-21 19:00:04,Saraiva,,"b'Enquanto Hollywood esperava que ela ficasse calada e cooperasse, Rose McGowan se rebelava ao denunciar os assedios cometidos pela industria. Para isso, e preciso ""Coragem"": https://t.co/DZckNc5syA https://t.co/eNhiYlAVoP'",False,False,2,11,
2018-02-21 17:28:12,Saraiva,,b'#EuAmoLer livros que nos engrandecem como seres humanos. Leia a impecavel obra da escritora nigeriana Chimamanda Ngozi Adichie: https://t.co/27kaoAV3Yl https://t.co/kNGSOIqkxt',False,False,3,33,
2018-02-20 23:20:00,Saraiva,,"b'""Essa e a receita da vida\nminha mae disse\nme abracando enquanto eu chorava\npense nas flores que voce planta\na cada ano no jardim\nelas nos ensinam \nque as pessoas\ntambem murcham\ncaem\ncriam raiz\ncrescem\npara florescer no final.""\n\nNovo livro de Rupi Kaur\nhttps://t.co/yEOlnce54h https://t.co/SlvtLvrULq'",False,False,12,80,
2018-02-20 22:00:03,Saraiva,,"b'Ja foi assistir #PanteraNegra nos cinemas? E ai, curtiu?\n\nTemos uma selecao de livros do lider de Wakanda para voce colocar em dia: https://t.co/jRcvyYIxh8 https://t.co/SeF6bPAegg'",False,False,2,31,
2018-02-20 19:00:04,Saraiva,,"b'Jessica Jones prometeu a si mesma nao se misturar com os herois e seus superpoderes, mas as coisas nao serao assim tao simples. Leia ""Alias"": https://t.co/Zr24rlddyh https://t.co/KkOl9RFqGk'",False,False,0,17,
2018-02-20 17:30:01,Saraiva,,"b'A arte e o grito de insatisfacao de um povo. Leia textos de Drummond, Hilda Hist, Leminski e muitos outros em ""50 Poemas de Revolta"":https://t.co/aeD39bqyr6 https://t.co/IbH4rxCJXN'",False,False,2,19,
2018-02-20 16:30:01,Saraiva,,"b'Para nao ficar memorizando o conteudo das provas de ultima hora, uma porcao de ofertas para aprender de verdade:https://t.co/9Rfhvji154 https://t.co/EVwxamu8HB'",False,False,0,10,
2018-02-20 14:52:27,Saraiva,,"b'Voce gostou de 50 Tons de Cinza? Entao nao perca a chance de embarcar na leitura de ""Dominada"", segundo livro da serie de Maya Banks: https://t.co/aWARCRYB2h https://t.co/4YZLPUuEDk'",False,False,0,11,
2018-02-20 00:00:00,Saraiva,,"b'Conheca todos os detalhes da fantastica biografia de Galileu Galilei, uma das personalidades mais importantes da historia da humanidade:https://t.co/zG2cPQMf6j https://t.co/0USMDCh2xl'",False,False,4,28,
2018-02-19 23:00:03,Saraiva,,b'Chega de surpresa na hora das provas finais. Temos uma Saraiva para cada tipo de Universitario. Confira: https://t.co/Ut3fup0pFK https://t.co/soe7utdkMz',False,False,1,13,
2018-02-19 22:00:00,Saraiva,,"b'De vez em quando, so precisamos de uma boa leitura para ampliar os horizontes e atravessar as tempestades da vida. Faca sua Livroterapia na Saraiva: https://t.co/04qWgNfy21 https://t.co/kcRhzk9k9J'",False,False,16,71,
2018-02-19 21:30:01,Saraiva,,"b'Programas para aproveitar o dia, conhecer escritores e estimular o conhecimento? Venha voando curtir nossos eventos por todo o Brasil: https://t.co/4GBaMv0yMY https://t.co/wAOephUBpp'",False,False,1,11,
2018-02-19 20:46:00,Saraiva,,"b'Como eu me sinto quando chego na prova com medo, mas descubro que so caiu aquilo que eu estudei. Querendo melhorar a sua performance nos estudos? Aproveite nossas ofertas: https://t.co/E3UJBlUyVl https://t.co/rEIYWYIc3n'",False,False,0,11,
2018-02-16 19:31:21,Saraiva,,b'Console Xbox One S - Forza Horizon 3 com promocao IMPERDIVEL? So aqui no nosso site: https://t.co/JU2Xh42XOe https://t.co/JLNOCMdZHe',False,False,0,17,
2018-02-15 19:00:04,Saraiva,,"b'Falando em #PanteraNegra, esse e o nome do novo som do @emicida . Aproveite para atualizar a discografia matadora do cara aqui: https://t.co/ZEg83VmcY2 https://t.co/6TernrcvmT'",False,False,16,104,
2018-02-15 16:45:14,Saraiva,,"b'Lucky You, Swifties: voces votaram e a diva Taylor Swift e quem ganhou a batalha! Tem #Reputation com 50% de desconto na Saraiva. https://t.co/qpFj15xVLS https://t.co/mYPRJ2ca5x'",False,False,100,253,
2018-02-15 15:00:03,Saraiva,,"b'Seguimos compartilhando leituras sobre os Panteras Negras. Leia Malcolm X, influencia direta na criacao do movimento: https://t.co/XLBMJgPzCS https://t.co/bNsRftwtdO'",False,False,0,20,
2018-02-15 12:00:00,Saraiva,,"b'Hoje, #PanteraNegra estreia nos cinemas. Para entender o contexto do movimento revolucionario que inspirou o novo heroi da Marvel, leia Martin Luther King: https://t.co/eQn0t4D0F2 https://t.co/dL9r1PmEwq'",False,False,19,108,
2018-02-14 22:00:02,Saraiva,,"b'Para exercitar a cachola depois da bagunca, livros para grandes pensadores com ate 50% OFF: https://t.co/I0nVhWLk0g https://t.co/xuKQ225EHI'",False,False,0,21,
2018-02-14 19:00:01,Saraiva,,"b'Um assassinato de policiais vai tornar a vida da Tenente Eve Dallas ainda mais conturbada. Perca o folego com ""Promessa Mortal"": https://t.co/owPpROlTs7 https://t.co/jNeDZcP5tO'",False,False,0,9,
2018-02-14 17:00:05,Saraiva,,b'Ainda da tempo de curtir o Alalao de ofertas especiais de Carnaval. Nao perca: https://t.co/SsvrtFzM9g https://t.co/b1jqW89IMU',False,False,0,8,
2018-02-14 11:30:00,Saraiva,,b'Aproveite a manha e embarque no bloco Unidos do Cupom. Todos os e-Books com 35% OFF utilizando o cupom FOLIA35 no momento da compra: https://t.co/32LYc8n67x https://t.co/7bL4AT1RWk',False,False,5,37,
2018-02-13 22:00:00,Saraiva,,b'A ala dos MAIORES descontos esta passando agora! Livros importados com ate 90% OFF: https://t.co/fhN7J5irGU https://t.co/CrtmpptDLU',False,False,0,15,
2018-02-13 20:00:01,Saraiva,,"b'Bloco do Condado com livros de Tolkien por apenas R$19,90. Garanta ja os seus preciosos: https://t.co/tQnxmR1qGA https://t.co/VfuqhjajUZ'",False,False,0,14,
2018-02-13 16:00:02,Saraiva,,"b'Quinta, o novo filmaco da #Marvel estreia nos cinemas brasileiros. Saiba mais sobre #PanteraNegra no blog: https://t.co/4yjsQb5FJW https://t.co/NF3UrX3unA'",False,False,8,30,
2018-02-13 11:30:00,Saraiva,,"b'Na comissao de frente, 15% OFF nas compras de livraria acima de R$89,90. So para comecar o dia bem: https://t.co/gvTr81RQZ6 https://t.co/VG8GpDZl5b'",False,False,0,22,
2018-02-12 22:00:03,Saraiva,,"b'No grupo especial do Carnaval da Saraiva, livros EXCLUSIVOS com descontos de ate 70%. Nota 10 e pouco: https://t.co/8we4cYMira'",False,False,1,16,
2018-02-12 19:00:00,Saraiva,,b'A historia do Samba tambem e a historia do Brasil. Aproveite nossas ofertas carnavalescas para conhecer um pouco mais desse ritmo tao brasileiro: https://t.co/84xeBfRFK1 https://t.co/0dAvgPD41t',False,False,0,8,
2018-02-12 17:00:04,Saraiva,,b'Bloco dos Geeks? So podia ser online mesmo. Descontos especiais em literatura nerd para curtir no Carnaval: https://t.co/1Qt0xLG5HD https://t.co/Uc58jleYqv',False,False,1,24,
2018-02-12 12:00:00,Saraiva,,b'E o primeiro bloco a desfilar em nossa avenida e o Bloco da Mente. Livros de Psicologia com descontos progressivos e ate 20% OFF acima de 4 livros: https://t.co/DH6ZfJYWlN https://t.co/a6vzfQiBIF',False,False,1,28,
2018-02-11 22:00:00,Saraiva,,"b'""The Owl Always Hunts At Night"", um livro para ler com todas as luzes acesas. Versao com idioma original aqui: https://t.co/RpUq4efqgl https://t.co/HftZkPT0O4'",False,False,2,19,
2018-02-11 20:00:02,Saraiva,,"b'5 anos depois, os escoceses do Franz Ferdinand voltam com um novo disco: (link) O titulo promete um trabalho ainda melhor que os anteriores. E voce, curtiu https://t.co/CbHKRyPwu0 https://t.co/rc8BuvhehS'",False,False,2,33,
2018-02-11 17:00:03,Saraiva,,"b'""Muita festa e eu pra baixo. Nao to nesse pique, Saraiva."" Relaxa! Os livros tambem curam. Da uma olhada nessa selecao de Livroterapia: https://t.co/SQkyxjpynU https://t.co/Mo5WrYLQU0'",False,False,3,20,
2018-02-11 12:00:00,Saraiva,,b'Domingo? O Carnaval nao para! Livros importados com ate 90% de desconto: https://t.co/oLhctU6gxu https://t.co/3iTrHJU0AY',False,False,3,54,
2018-02-10 22:00:00,Saraiva,,b'Oooooolha os Unidos do Cupom na aveniiiida! Garanta seus E-books com +35% OFF usando o cupom FOLIA35: https://t.co/vEEl8yhtN3',False,False,2,13,
2018-02-10 15:30:00,Saraiva,,b'Quem curte cosplay nao necessariamente e fa de carnaval. Ta em casa? Entao vem conferir nossa selecao de HQs e Mangas: https://t.co/IWEmgLoIbi https://t.co/8tOLXdZV4s',False,False,1,18,
2018-02-10 13:30:01,Saraiva,,"b'Quer comecar o primeiro ano da facul tranquilo, tranquilo? Vem pra ca: https://t.co/1GCxAWnWoJ https://t.co/HGg1DrGUif'",False,False,0,18,
2018-02-09 22:30:00,Saraiva,,b'#EuAmoLer livros curtinhos! Confira uma selecao de leituras para devorar em 1 dia: https://t.co/iDIVBOwZqb https://t.co/drPgOSzgdN',False,False,3,41,
2018-02-09 20:00:04,Saraiva,,"b'Queremos saber: surpreender (positivamente) o par e um dos segredos de uma relacao duradoura? Essa e a premissa de ""Surprise Me"", novo livro de Sophie Kinsella: \n\n- SIM, e indispensavel.\n- NAO, da para viver sem. https://t.co/IAzXq5d2vI https://t.co/tRvLmX2KGI'",False,False,1,15,
2018-02-09 19:35:53,Saraiva,,b'Qual DIVA merece esse hino de promocao? Responda usando a hashtag e acompanhe o resultado por aqui: https://t.co/qpFj15PwDq https://t.co/skASNeKU7b',False,False,7,40,
2018-02-09 16:00:00,Saraiva,,"b'Desafio! Escolha UM destes artista para ouvir entre 4 paredes:\n\n1 @Jessie J\n2 @SIA\n3 @RitaOra\n4 @DuaLipa\n5 @LiamPayne\n\nTrilha sonora de 50 Tons de Liberdade, na Saraiva: https://t.co/AOccaeQGcd https://t.co/vx2sVKOZtk'",False,False,5,22,
2018-02-09 12:32:00,Saraiva,,"b'O bloco de livros vai passar! Ganhe +15% OFF em compras acima de R$89,90: https://t.co/E3k3oJ8Vu6 https://t.co/CG2oTguKnX'",False,False,3,17,
2018-02-08 22:30:01,Saraiva,,b'#ComoEuMeSintoQuando sou veterano e quero me enturmar com os calouros. Volta as Aulas e na Saraiva: https://t.co/omUgg2f9Cu https://t.co/JiuBVjbo0t',False,False,4,20,
2018-02-08 21:00:01,Saraiva,,"b'O dia 20 de abril esta logo ai! Ate la, va treinando como enfrentar os Deuses mais fortes da historia. God Of War, em pre-venda na Saraiva: https://t.co/FBIRNUCxnY https://t.co/E44dJYeRs0'",False,False,0,15,
2018-02-08 19:00:04,Saraiva,,b'Sera que a quimica do casal Grey resiste a presenca de uma 3a pessoa? Descubra em 50 Tons de Liberdade: https://t.co/opg3x3MWBk https://t.co/AZACowPWpX',False,False,2,25,
2018-02-08 15:00:00,Saraiva,,"b'Desca 20mil Leguas Submarinas para comemorar o aniversario de Julio Verne, o pai da ficcao cientifica: https://t.co/SGifp3oERh https://t.co/uHeCMVoaE8'",False,False,13,50,
2018-02-08 12:25:00,Saraiva,,b'Quais os top 5 viloes do universo #StarWars ? Vem ver no blog da Saraiva: https://t.co/7k0quox141 https://t.co/qtAaWR7oR0',False,False,1,16,
2018-02-07 22:00:03,Saraiva,,"b'Para curtir o carnaval tranquilo, um guia para deixar seu cerebro afiadissimo para o resto do ano. ""Treine Seu Cerebro Para Provas"", de Augusto Cury: https://t.co/WzTXmO2gEs https://t.co/BGZqgYFReb'",False,False,0,17,
2018-02-07 20:43:09,Saraiva,,"b'Os Grifinorios, determinados como sempre, ganharam a batalha! A capa vencedora agora esta com 10% OFF. Basta usar o codigo GRIFINORIA : https://t.co/06QgWUGtIK https://t.co/8D5YJk3zLd'",False,False,2,29,
2018-02-07 19:00:01,Saraiva,,"b'A delicadeza de Nicholas Sparks esta devolta no livro ""Um Homem de Sorte"". Sorte a nossa! Garanta o seu: https://t.co/Cv2p6EmwiY'",False,False,0,7,
2018-02-07 17:00:05,Saraiva,,"b'Um romance sobre escolhas e renuncias nos momentos mais dificeis da vida. ""E Assim Que Acaba"", de Colleen Hoover: https://t.co/TGc1cxHgGb https://t.co/4tDDY2kNMS'",False,False,3,15,
2018-02-07 14:00:01,Saraiva,,b'Nao vai conseguir farrear no pre-carnaval? Tudo bem! Estamos com descontos em toda a loja para quem vai esperar ate sexta para baguncar: https://t.co/5NcwLm2Az6 https://t.co/XEKGirLZr5',False,False,1,13,
2018-02-06 23:00:01,Saraiva,,"b'Ta faltando foco para cumprir com as suas responabilidades? Paulo Vieira vai te apresentar ""O Poder da Autorresponsabilidade"": https://t.co/CEirFXJH39 https://t.co/lt2eBSopQf'",False,False,2,18,
2018-02-06 22:00:02,Saraiva,,"b'Grandes mudancas sao necessarias para seguir em frente. Descubra o que NY reserva a Louisa Clark em ""Ainda Sou Eu"", o 3o livro da serie ""Como Eu Era Antes de Voce"". Para ler no idioma original: https://t.co/3xvHc8Jn9F https://t.co/NuT8aMElCp'",False,False,2,15,
2018-02-06 16:00:02,Saraiva,,"b'Sabia que um dos favoritos ao #OSCAR2018 foi inspirado em um livro? Aproveite que ainda da tempo e leia ""Me Chame Pelo Seu Nome"" antes da cerimonia: https://t.co/cBOdQcO4fY https://t.co/MotFrjpndQ'",False,False,4,28,
2018-02-06 11:30:00,Saraiva,,"b'Alem de ter conquistado uma legiao de jogadores fanaticos ao redor do mundo, World of Warcraft tambem se tornou filme e ate mesmo livro. Que tal conhecer um pouco mais sobre esse game de sucesso? https://t.co/16KHNpdfnv https://t.co/aWOoOYdisG'",False,False,1,14,
2018-02-05 23:00:03,Saraiva,,"b'Daniela Arbex e a reporagem definitiva sobre a tragedia da boate Kiss, de Santa Maria/RS, em 2013: https://t.co/xis1hlHDdz https://t.co/KuxsJ8wstu'",False,False,1,16,
2018-02-05 21:20:00,Saraiva,,b'NAO SE RENDA a preguica e comece a ler a historia de como Winston Churchill negou a paz com a Alemanha Nazista e entrou em guerra contra Hitler: https://t.co/VOoxTYoL4q https://t.co/UsqL3G5HGo',False,False,5,36,
2018-02-05 20:00:02,Saraiva,,"b'Se voce nao gosta de Carnaval, nao precisa ser esse cara. Estamos com descontos em toda a loja para voce passar o feriadao curtindo de outra maneira: https://t.co/H0w57fewWc https://t.co/C5jYZKGjU7'",False,False,1,14,
2018-02-05 19:15:01,Saraiva,,b'A festa comeca agora! Ja tem oferta rolando no pre-Carnaval da Saraiva: https://t.co/H0w57fewWc https://t.co/EcJvhORSSr',False,False,0,7,
2018-02-04 22:00:02,Saraiva,,"b'Pra encantar o coracao e os olhos de qualquer cinefilo, preparamos essa selecao especial de amor em preto e branco: https://t.co/r6ACn9JVqJ https://t.co/PfmxyJkWwO'",False,False,4,17,
2018-02-04 20:00:01,Saraiva,,b'So passamos pra avisar que voce esta quase perdendo toda a livraria com ate 80% OFF + desconto progressivo. Muita calma! Da tempo de aproveitar: https://t.co/DPqAFysrEV https://t.co/BYY0uWbqcz',False,False,2,26,
2018-02-04 20:00:01,Saraiva,,"b'Foco nesse momento e forca pro proximo semestre. Ate chegar la, a gente te ajuda com todos os livros e materiais: https://t.co/5cya4zO4yc https://t.co/HObexrGB9J'",False,False,0,9,
2018-02-04 12:00:02,Saraiva,,"b'Um time desses, bicho! ""Liga da Justica"" ja chegou na pre-venda da Saraiva: https://t.co/fhWXiDELDC https://t.co/gCYmJSohwS'",False,False,1,42,
2018-02-03 22:00:00,Saraiva,,b'Curtir suas musicas preferidas com um otimo som + nao incomodar ninguem = um fone de ouvido novinho: https://t.co/aGLBqaFk2o https://t.co/NOCXvu1OJK',False,False,4,33,
2018-02-03 19:00:01,Saraiva,,"b'No clima de Hogwarts, fizemos uma batalha entre as casa valendo +10% OFF na edicao especial da vencedora! Vote usando a hashtag e acompanhe o resultado por aqui: https://t.co/fFDEWa7y85 https://t.co/wyFoX92o6t'",False,False,1,34,
2018-02-03 15:30:01,Saraiva,,"b'Nao e loucura, e a realidade: TODA A LIVRARIA COM ATE 80% OFF + DESCONTO PROGRESSIVO. Ta esperando o que? Chega mais: https://t.co/frKQeDxJqk https://t.co/SMBE9AHRBH'",False,False,5,63,
2018-02-03 13:30:00,Saraiva,,"b""Pra quem gosta de ler no original (e ja quer aproveitar para afiar o ingles) preparamos uma selecao de HQ's importadas com ate 70% OFF: https://t.co/HzmbxEYXA3 https://t.co/ctO5NJs1lE""",False,False,1,36,
2018-02-02 22:00:02,Saraiva,,"b'Sofa confortavel, controle na mao, 1 ano de games online garantidos... Nada melhor do que ficar Suave na Live: https://t.co/NO4fqVu1WC https://t.co/KeAmJpRwQZ'",False,False,0,11,
2018-02-02 20:00:03,Saraiva,,"b'Se o filme ja emocionou tanta gente que valeu ate indicacao ao Oscar, imagine a beleza que ha no livro ""Me Chame Pelo Seu Nome"": https://t.co/dii5IR1L6H https://t.co/YAd54K4kRK'",False,False,6,35,
2018-02-02 16:00:02,Saraiva,,"b'#WinstonChurchill foi um grande personagem da historia. Valeu uma atuacao inacreditavel de Gary Oldman, um filme indicado ao Oscar, e tambem esse grande livro aqui:   https://t.co/5abqrivliu https://t.co/FaYHoR38rO'",False,False,2,17,
2018-02-02 11:30:01,Saraiva,,"b'A musa @shakira, sempre Loca Loca Loca, com seus Hips que Don\'t Lie, esta completando 40 anos! Comemore com ""El Dorado"": https://t.co/YBetVM88Lk https://t.co/mkgpTtUzCH'",False,False,1,35,
2018-02-01 21:28:30,Saraiva,,"b'E desconto que voce quer, @? Entao olha so: livros com ate 80% OFF + desconto progressivo!!! So vem: https://t.co/WERQfXB0fl https://t.co/EtLm6hKbr4'",False,False,6,37,
2018-02-01 19:00:03,Saraiva,,"b'Para te ajudar a criar um menu digno de aplausos, selecionamos as obras que nao podem faltar na bancada de sua cozinha. Confira! https://t.co/FTt9fTodxM https://t.co/F6UYVOoebE'",False,False,0,12,
2018-02-01 16:43:00,Saraiva,,"b'Um sonho: diploma na mao! Mas ateee la, meu caro universitario, seu lugar e aqui, garantindo a volta as aulas: https://t.co/kCMj9NQxjk https://t.co/P6vKH9YXag'",False,False,1,19,
2018-02-01 12:41:00,Saraiva,,"b'Todo mundo precisa um livro preferido pra ler, reler, ler de tras pra frente, ponta cabeca... Quem ainda nao achou o seu, so uma dica: #LivroENaSaraiva https://t.co/jFzP4kQXPp https://t.co/8gGdsZJ5Jk'",False,False,3,25,
2018-01-31 22:00:02,Saraiva,,b'Nada de ficar pegando o material dos outros! Quem aproveita a maior volta as aulas do Brasil tem tudo que precisa: https://t.co/gx8I2ziT4l https://t.co/9kUAq6oKaE',False,False,0,19,
2018-01-31 20:59:21,Saraiva,,"b'Assim como em Hogwarts, aqui tambem tem batalha entre as casas, mas aqui vale +10% OFF na edicao especial da vencedora! Vote usando a hashtag e acompanhe o resultado por aqui: https://t.co/JTIm6EOynk https://t.co/ABRPARcWgn'",False,False,1,31,
2018-01-31 20:52:25,Saraiva,,b'RT @editorarecord: A maravilhosa @Carinarissi recebeu o premio Destaques do Ano 2017 da @Saraiva! Parabens!  https://t.co/DQuiWN1Ql3',False,False,9,0,
2018-01-31 19:00:00,Saraiva,,b'Sempre tem ofertas impactantes esperando por voce na Saraiva. Agora e hora de filmes e series com ate 60% de desconto: https://t.co/FBIR3Q5li3 https://t.co/KuFiKqIcEJ',False,False,1,13,
2018-01-31 17:00:02,Saraiva,,"b'Quem ainda nao se encantou com a poesia de @rupikaur_, tem agora a chance ideal: conheca os livros antigos da autora e ja garanta o novo ""O Que O Sol Faz Com As Flores"" na pre-venda: https://t.co/PhK1vegDje https://t.co/qxoHlsh97w'",False,False,0,22,
2018-01-30 22:00:03,Saraiva,,"b""Ja vai transformando essa sala em pista de danca, porque o #ImpactoSaraiva tem CD's e DVD's com 50% OFF: https://t.co/hk33WKl4in https://t.co/D6KXZsQOgi""",False,False,0,22,
2018-01-30 20:24:29,Saraiva,,"b'RT @cialetras: Conheca a colecao Jose Saramago exclusiva da @Saraiva, inspirada no projeto grafico da Porto Editora, de Portugal. https://t...'",False,False,49,0,
2018-01-30 20:00:03,Saraiva,,b'Pra que um livro se voce pode ter varios de uma vez? Ta na hora de garantir aquele combo de leitura com esses boxes e colecoes: https://t.co/TAE0ZB4WeB https://t.co/58mG0Y81ny',False,False,5,66,
2018-01-30 16:36:48,Saraiva,,"b'Hoje nao e dia de Comic Book nao, e Dia Nacional da HQ!!! Tem muitas historias nacionais e com desconto progressivo pra voce comemorar aqui: https://t.co/KDuH3hfwur https://t.co/eeTgGAcFbe'",False,False,1,19,
2018-01-30 11:30:01,Saraiva,,"b'Breaking Bad entrou para o Livro dos Recordes como o maior sucesso de critica de todos os tempos, e abocanhou mais de 146 premios (so nos Emmys, foram 16) ao longo das cinco temporadas do programa. Quer saber mais? Vem ver: https://t.co/FxjNn1G6VA https://t.co/tEw33fXWpY'",False,False,20,109,
2018-01-29 22:00:01,Saraiva,,"b'Pode comemorar, jornalista: HOJE E SEU DIA!!! Voce merece uma selecao de grandes reportagens de presente: https://t.co/vcD3XgoME5 https://t.co/yFo5Zub8AP'",False,False,5,25,
2018-01-29 19:00:03,Saraiva,,"b'Por fora aquela cara seria de quem paga boleto, por dentro a vontade de ficar de pijama vendo desenho o dia todo. A verdade e que ""Ninguem Vira Adulto de Verdade"": https://t.co/y4u2vQ5Ug3 https://t.co/0FaK8bnYIa'",False,False,6,47,
2018-01-29 18:00:01,Saraiva,,b'Star Wars nao e so cinema e tem um universo enorme te esperando aqui na Saraiva. Quer uma ajuda pra comecar? Entao use o cupom STARWARS15 pra ganhar 15% OFF nos livros da saga: https://t.co/iZaYOzDfgg https://t.co/cilT8P8cEM',False,False,0,21,
2018-01-29 17:00:03,Saraiva,,"b'So aqui voce encontra uma verdadeira invasao de livros com desconto progressivo. Vem pegar o seu aqui, pois #LivroenaSaraiva: https://t.co/kCLDUvuLKN https://t.co/WiO1Mh5jpY'",False,False,2,14,
2018-01-28 22:00:01,Saraiva,,"b'Ter um playstation 4 e bom, mas comecar ja com 4 jogos e ainda com um preco desses, e de zerar a vida mesmo: https://t.co/5I53Fg1T5J https://t.co/V4DdfNUO7s'",False,False,1,19,
2018-01-28 20:00:01,Saraiva,,"b'ALO, MINHA TIMELINE!!! Ja chegou na pre-venda o album com os sambas-enredo do carnaval 2018. SOLTA BATERIA, AAAAAAI: https://t.co/83pnxohm2v https://t.co/Z7TmY0dLfS'",False,False,1,20,
2018-01-28 17:00:02,Saraiva,,b'Tem #GRAMMYs2018 chegando por ai. Conta pra gente a sua aposta de quem vai dominar os premios da noite. Aproveita e vem garantir um super desconto nessa selecao: https://t.co/ksnr5ozk2w https://t.co/6xOh5Dt2yR',False,False,0,20,
2018-01-28 12:00:01,Saraiva,,"b'Era uma vez um alguem que nao tinha nada para ler, ate que descobriu que a Saraiva esta com desconto progressivo em toda a livraria. Entao os dias de tedio acabaram. Fim. https://t.co/A9AsXMyJmi https://t.co/bRFYdPagV0'",False,False,3,41,
2018-01-27 22:00:02,Saraiva,,"b'O aniversariante de 186 anos #LewisCarroll deixou um legado incrivel (e muito maluco) para o mundo. Celebre com ""Alice no Pais das Maravilhas"": https://t.co/tUL6dvaBtC https://t.co/oiuJdHNUCx'",False,False,6,58,
2018-01-27 19:00:03,Saraiva,,b'Existem varios boxes legais e existem os boxes legais que a Saraiva tem com ate 70% OFF (que ficam muito mais legais): https://t.co/OBvYcMBTBb https://t.co/KANEbF46oz',False,False,1,17,
2018-01-27 15:30:01,Saraiva,,b'Entre no clima do Grammy 2018 com ofertas de 15% OFF: https://t.co/tagAQ1z1wQ https://t.co/4cOoHYQ1US',False,False,3,27,
2018-01-27 13:30:00,Saraiva,,"b'Cha quentinho, cama, pijama, tudo pronto. Agora so falta o livro. Ou melhor, livros, porque tem desconto progressivo rolando por aqui: https://t.co/wPzN98fIBu https://t.co/wun4AW5p3r'",False,False,1,33,
2018-01-26 22:30:01,Saraiva,,b'Essa selecao de livros importados ate  com 40% OFF + 10% OFF a vista e perfeita pra cair no mundao atraves das paginas: https://t.co/6rK6rPOexh https://t.co/4e71AQifiM',False,False,0,12,
2018-01-26 20:00:00,Saraiva,,"b'A votacao do Premio E-bit ainda esta rolando! Que tal vir aqui rapidinho e votar na Saraiva para as categorias Diamante e Livros, heeeeein??? Chega mais e escolha a gente: https://t.co/TSy6h1TsaE https://t.co/RzVCYrC579'",False,False,0,10,
2018-01-26 16:00:05,Saraiva,,"b'Quando se fala no escritor #VictorHugo, que hoje faria 216 anos, e impossivel nao exaltar o classico da literatura, do cinema e do teatro ""Os Miseraveis"": https://t.co/m4oA8ERLYC https://t.co/gBpNYTrRbF'",False,False,7,28,
2018-01-26 13:03:00,Saraiva,,b'Muuuuuitas ofertas e duas certezas: A primeira e ninguem sai daqui sem leitura nova. A segunda e que #LivroENaSaraiva: https://t.co/HoJeKPM4tV https://t.co/uWyD5iT6m5',False,False,6,44,
2018-01-25 21:00:03,Saraiva,,"b'Olha que data mais linda, mais cheia de graca: o eterno #TomJobim faria 101 anos hoje e nao poderiamos comemorar de outra forma! Celebre ouvindo suas musicas nas vozes dos grandes da MPB: https://t.co/obaijQZzcy https://t.co/6pmMFazV9H'",False,False,4,21,
2018-01-25 19:00:01,Saraiva,,"b'Na Londres da Revolucao Industrial, ela superou o machismo e se tornou uma das maiores escritoras de todos os tempos. Nos 136 anos de #VirginiaWoolf, tem que ter classico: https://t.co/NXdLwsFijk https://t.co/BpTr5oh7q0'",False,False,6,21,
2018-01-25 15:00:04,Saraiva,,"b'No aniversario de Sao Paulo tem presente da Saraiva, sim senhor! Hoje o frete e por nossa conta para toda a cidade. Vem, MEU: https://t.co/o6ObQtVt8R https://t.co/y9kxxhdx3e'",False,False,1,15,
2018-01-25 12:00:01,Saraiva,,"b'Sirius Black, padrinho de Harry Potter, e um dos personagens mais queridos da saga. Porem, a vida de Sirius pode parecer pouco aprofundada nos livros e filmes da serie. https://t.co/ptO6evavsd https://t.co/rwvjS4Fr7a'",False,False,3,60,
2018-01-24 22:00:02,Saraiva,,b'Curtindo o fim das ferias mas ja na clima dos estudos? Entao so falta aproveitar a volta as aulas da Saraiva e comecar mais um ano. Por aqui voce leva 4 produtos de papelaria e paga so 3: https://t.co/eYWpD4yVTC https://t.co/HkO1pJMycT',False,False,1,11,
2018-01-24 22:00:01,Saraiva,,b'Curtindo o fim das ferias mas ja na clima dos estudos? Entao so falta aproveitar a volta as aulas da Saraiva e comecar mais um ano: https://t.co/q03IMMHcXa https://t.co/VQSc2aO7XX',False,False,1,9,
2018-01-24 22:00:00,Saraiva,,b'Curtindo o fim das ferias mas ja na clima dos estudos? Entao so falta aproveitar a volta as aulas da Saraiva e comecar mais um ano. Por aqui voce leva 4 produtos de papelaria e paga so 3: https://t.co/q03IMMpByA https://t.co/C19x133PZK',False,False,0,10,
2018-01-24 19:00:03,Saraiva,,"b'Parou tudo ai, porque chegou sua melhor chance de finalmente ter um LEV novinho. Com o cupom AMOLEV15 voce garante 15% OFF no seu: https://t.co/SHhxGct0Xt https://t.co/I7w1cwrEtv'",False,False,1,15,
2018-01-24 17:00:03,Saraiva,,"b'#MartinhoDaVila resolveu comemorar seus 80 anos (que vem chegando ai) homenageando sua escola de samba do coracao. Tem festa de aniversario e de carnaval juntas em ""Alo Vila Isabeeeel!!!"": https://t.co/cgUm3WznSM https://t.co/gfNi5k90hu'",False,False,0,12,
2018-01-24 14:00:03,Saraiva,,b'So passando na sua timeline pra avisar que Cupomaniacos esta de volta e com 15% OFF em toda a livraria usando o cupom EUAMOLER15: https://t.co/Pqm5Qz4Cse https://t.co/VFssvn3CYS',False,False,0,21,
2018-01-23 22:00:02,Saraiva,,"b'Pra quem gosta de passar as noites em claro mesmo, onde o filho chora a mae nao ve. Chegou o Especial Terror (se voce tiver coragem):  https://t.co/5RcGboRgvw https://t.co/6JAOv7JALS'",False,False,1,20,
2018-01-23 20:00:02,Saraiva,,b'Ainda nao se adaptou as ultimas tecnologias? Chegou sua hora! Vem de Saraiva Tech e encontre tudo o que voce precisa: https://t.co/t4xOJiD1hb https://t.co/wNxWZsmfjx',False,False,0,14,
2018-01-23 16:00:03,Saraiva,,b'Amantes do esporte Sofa com Revezamento de Sagas: garantam seus equipamentos nas 48h de Filmes e Musica da Saraiva: https://t.co/lepIaLVUwm https://t.co/HscZwGGE9b',False,False,0,7,
2018-01-23 11:30:01,Saraiva,,"b'Mais de 64 anos depois de receber o Oscar de melhor atriz, por sua atuacao em A Princesa e O Plebeu, aos 24 anos, Audrey permanece como uma das figuras mais carismaticas e influentes do showbiz. https://t.co/gdCxYuSJAo https://t.co/CoxJn6MxLB'",False,False,15,97,
2018-01-22 22:00:00,Saraiva,,"b'Atencao, atencao, chegou a Hora da Pipoca. Pegue o seu balde pra curtir suas novas series com ate 70% OFF: https://t.co/nAIGTRYBXB https://t.co/9Rx3MqoOGM'",False,False,0,18,
2018-01-22 19:00:02,Saraiva,,b'Acorda ai pra curtir um som - ou varios sons -  porque tem desconto progressivo na Playlist Saraiva: https://t.co/ZDFm04p0E3 https://t.co/l40E5pu19i',False,False,0,21,
2018-01-22 16:00:03,Saraiva,,"b'Hoje e bday de um dos caras mais amados do mundo das HQs. Nos 48 anos de @thealexrossart, tem que ter quadrinho: https://t.co/wTRTfDGV2v https://t.co/QsUbVem82a'",False,False,1,11,
2018-01-22 12:00:01,Saraiva,,"b'O novo ""God Of War"" ainda esta longe, mas isso nao dinimui nem um pouco a ansiedade (na verdade, ate aumenta). O unico jeito de acalmar os animos e aguentar a espera e ja deixar tudo garantido na pre-venda: https://t.co/gUle1NKTG1 https://t.co/RnjJLUnlYO'",False,False,2,25,
2018-01-21 22:00:00,Saraiva,,"b'Serio, uma colecao de livros sem #GeorgeOrwell nunca esta completa! Celebre os 105 desse genio lendo o seu maior classico: https://t.co/6N1huU5ima https://t.co/KkevKWAzQe'",False,False,5,17,
2018-01-21 20:00:02,Saraiva,,"b'E ai, ja escolheu suas lojas favoritas no Premio E-bit 2018? Nao esquece de escolher a Saraiva, hein ;p. Chega mais: https://t.co/GCBMtl1M9G https://t.co/UYMrZC9r3q'",False,False,2,19,
2018-01-21 17:00:02,Saraiva,,"b'Se voce ainda nao aproveitou as ofertas da Invasao Saraiva de ferias, ta vacilando, hein! Corre que da tempo! https://t.co/U7LAzFY37t https://t.co/WAnwwaJS8V'",False,False,1,12,
2018-01-21 12:00:00,Saraiva,,"b'Maisa  esteve na Saraiva para comprar o material escolar  e conversou com a gente. Falamos do filme Tudo por um Popstar,  suas preferencias literarias e planos para o futuro. Vem ver: https://t.co/fDHHibmdcz https://t.co/TQuMhgps8C'",False,False,1,17,
2018-01-20 22:00:00,Saraiva,,b'As aulas estao quase voltando e voce ainda nao comprou material? Evite o estresse e vem pra maior volta as aulas do Brasil: https://t.co/yzKXmpyfX0 https://t.co/n4pp43Hhb9',False,False,1,28,
2018-01-20 19:00:03,Saraiva,,b'Quando voce ta passando pela timeline e descobre que tem 30% OFF em e-Books usando o cupom EBOOKS30: https://t.co/TNzxSeqQ14 https://t.co/zhxH7QCxAR',False,False,1,20,
2018-01-20 15:30:00,Saraiva,,"b'Primeiro vem a batalha com o amigo pra decidir quem vai ser o Goku, depois a batalha de verdade comeca com ""Dragon Ball Z Fighter"". Ja deixa o seu garantido na pre-venda: https://t.co/D2W7eYGyPB https://t.co/WhN2oXkhDa'",False,False,0,28,
2018-01-20 13:30:01,Saraiva,,"b'Um dos mestres da nossa literatura, que nasceu no Rio, mas alcancou sua maior obra relatando a vida no sertao nordestino. Viva os 156 anos de #EuclidesDaCunha com ""Os Sertoes"": https://t.co/5JqSHKkIC8 https://t.co/qQUJSnNdUL'",False,False,2,27,
2018-01-19 22:30:01,Saraiva,,"b'#AgathaChristie e uma daquelas autoras que vale a pena ler, reler e colecionar. Por isso preparamos uma lista especial com o melhor da Rainha do Crime: https://t.co/J49iSLqj81 https://t.co/QpvOhx4omw'",False,False,11,53,
2018-01-19 20:00:02,Saraiva,,"b'O combo e o seguinte: soco, soco, chute, pula, meia lua, clique no link e garanta na pre-venda. So nao vale ficar apelando na rasteirinha! Vem que tem ""Street Fighter V - Arcade Edition"": https://t.co/3b6ye7NUP1 https://t.co/sMX1sTd6aQ'",False,False,0,9,
2018-01-19 16:00:01,Saraiva,,b'Olha so a Invasao Saraiva trazendo varios guias turisticos com no minimo 20% OFF pra voce cair no mundao: https://t.co/fBkpxUNKQ5 https://t.co/dsIb7RweWm',False,False,3,18,
2018-01-19 11:00:01,Saraiva,,"b'Compromissos importantes \nProblemas para resolver \nProjetos na gaveta \n\nPra quem precisa de uma ajudinha pra arrumar a vida, tem ""Diario Em Topicos  Guia Pratico"" na Saraiva: https://t.co/SCpXIJgPVU https://t.co/D3McQHnDLO'",False,False,0,5,
2018-01-18 21:00:00,Saraiva,,"b'Lev na mao e faca na outra, chegou a hora de arrasar na cozinha. Aprenda varias receitas deliciosas com esses e-Books de culinaria a partir de R$2,90: https://t.co/hAUAeHoMbS https://t.co/1lm6YwrSeu'",False,False,1,24,
2018-01-18 19:00:02,Saraiva,,"b'Aqui barbeiro vira piloto, nao tem multa e nem ponto na carteira. Acelera e vem pegar o seu ""Need For Speed - Payback"": https://t.co/gaf6KUdyIs https://t.co/WBvANQqe0s'",False,False,0,16,
2018-01-18 15:00:00,Saraiva,,b'Ta sem nada de bom pra assistir nessas ferias? Voce ainda tem tempo para curtir e aproveitar essa selecao de DVDs e Blu-rays com ate 80% OFF: https://t.co/C8O3KnXITz https://t.co/oJxTIetW2R',False,False,0,14,
2018-01-18 12:00:00,Saraiva,,"b'Faca sol, chuva, tempestade de areia ou furacao, a GoPro Hero 5 continua inabalavel So tem uma coisa que cai: o preco aqui na Saraiva: https://t.co/7usDMDDzVi https://t.co/oBd03gvwY3'",False,False,0,16,
2018-01-17 22:00:00,Saraiva,,"b'As aulas vem ai e a criancada vai ficando louca pra comecar outro ano, reencontrar os amigos e estrear o material novo.\nAINDA NAO TEM O MATERIAL?? Entao corre pra maior volta as aulas do Brasil: https://t.co/g4LQAccXb1 https://t.co/ADU8Gkcu6A'",False,False,1,14,
2018-01-17 19:00:03,Saraiva,,"b'Ja vai preparando o seu lado gringo, porque tem vaaarios livros importados com 15% OFF na pre-venda da Saraiva. Chega mais: https://t.co/FA6EQy5oKW https://t.co/YRqIurtGFY'",False,False,0,16,
2018-01-17 17:31:16,Saraiva,,b'Pra ficar de boa nao precisa ficar no tedio. Separamos alguns livros  bem legais pra voce deixar de preguica e curtir as ferias de verdade: https://t.co/M7VPwhvkRu https://t.co/pf9MMHBe4r',False,False,7,31,
2018-01-17 14:00:01,Saraiva,,"b'Depois de um tempo longe dos holofotes, @Eminem voltou com seu flow rapido, rimas intensas e pronto pra cutucar a ferida de muita gente. Nao fique sem a sua copia de ""Revival"": https://t.co/NQDWg1MKu7 https://t.co/45xz9wdUqQ'",False,False,21,75,
2018-01-16 22:00:01,Saraiva,,"b'Garanta ""Monster Hunter World"" na pre-venda e seja bem-vindo a um mundo gigantesco, cheio de monstros enormes esperando para serem cacados: https://t.co/Mh2eM0oEfZ https://t.co/WsuG1DSwXl'",False,False,1,14,
2018-01-16 20:04:47,Saraiva,,"b'RT @MROFICIAL: Quais bacanudos ja encomendaram o disco Amor e Musica na pre-venda da @Saraiva? No video, a faixa Nos Passos da Emocao"",...'",False,False,12,0,
2018-01-16 20:00:00,Saraiva,,"b'Musico, ator, pintor, humorista, autor de oito livros, diretor de diversas pecas  ele garante que completar 80 anos nao altera em nada o seu apetite artistico. Confira o bate-papo da Saraiva com Jo Soares: https://t.co/WMRipKoNTU https://t.co/DLil5DDMTG'",False,False,4,19,
2018-01-16 16:00:03,Saraiva,,"b'A Invasao Saraiva chegou trazendo a diversao que voce precisava nessas ferias. Mais de 100 livros pela metade do preco para ler na praia, em casa ou onde quiser: https://t.co/ufJe8MYBSs https://t.co/ZQJJGVuoXq'",False,False,3,25,
2018-01-16 11:30:01,Saraiva,,"b'UM BEIJO PRO GORDO, UOU!!! Celebre os 80 anos de #JoSoares com as melhores historias da sua autobiografia desautorizada com 40% OFF: https://t.co/4xGEeeuiO8 https://t.co/QxDHpJdGFE'",False,False,1,36,
2018-01-15 22:00:02,Saraiva,,"b'Ta de pernas pro ar, so curtindo a tranquilidade enquanto as aulas nao voltam? Pra ficar completo, e so aproveitar a Invasao Saraiva de ferias e garantir o entretenimento: https://t.co/SZGNZZ9DOr https://t.co/nt2lkQLg3R'",False,False,1,12,
2018-01-15 20:05:12,Saraiva,,"b'Aquele sistema lento, travando, reiniciando toda hora, e a formula perfeita para perder a linha. Chega dessa vida: aproveite o Festival de Tecnologia: https://t.co/mjMWvjHJef https://t.co/Wmup5SyMyb'",False,False,0,14,
2018-01-15 18:07:21,Saraiva,,"b'O Premio Ebit 2018 esta rolando e, como sempre, estamos concorrendo nas categorias Diamante e Livros. Vote nas suas lojas favoritas e nao se esqueca: Vote na Saraiva!!!  https://t.co/wpQv1WsA6c https://t.co/45RcE2Bhv3'",False,False,0,16,
2018-01-15 16:40:37,Saraiva,,"b'O livro que causou polemica nos EUA e irritou o presidente Trump chegou ao Brasil. E ai, preparado para descobrir o que ha em ""Fogo e Furia""? https://t.co/hq3mRjjNGi https://t.co/kW0AKnk0O1'",False,False,1,21,
2018-01-15 11:30:01,Saraiva,,"b'Clima de seducao e descontos pra entrar na vibe do lancamento de ""Mais Escuro"". Toda a saga com descontos de ate 40%: https://t.co/3uj7CLYp4h https://t.co/jFC9JdEwAz'",False,False,6,25,
2018-01-14 22:00:00,Saraiva,,b'Corre que ainda da tempo de aproveitar os descontos do Cupomaniacos da Saraiva. Tem boxes e colecoes com ate 70% OFF + 20% OFF com o cupom EUAMOLER20 pra quem vier logo: https://t.co/iB2kp0K1ql https://t.co/86i6S5DffQ',False,False,3,16,
2018-01-14 20:00:00,Saraiva,,"b'Hora de cair no samba e dancar com o novo album da @MROFICIAL. Vem que tem ""Amor e Musica"" na pre-venda: https://t.co/Y0WCrM8VUl https://t.co/731TH9ni1a'",False,False,4,20,
2018-01-14 17:00:01,Saraiva,,"b'Quem jogou se emociona e quem nao jogou vai se emocionar agora! Vem ai a remasterizacao de ""Shadow Of The Colossus"" para o PS4. Garanta o seu na pre-venda: https://t.co/yQCzQUTN87 https://t.co/WP0SVIkec9'",False,False,2,31,
2018-01-14 12:00:02,Saraiva,,b'Para tudo! Chegou a hora de garantir o seu videogame novo com ate 35% OFF: https://t.co/8seQmlQxfJ https://t.co/Bf3agKJf4J',False,False,1,21,
2018-01-13 22:00:00,Saraiva,,"b'Ferias, verao, mas pegar uma praia nao e a sua praia? Entao olha so esses livros perfeitos para ler durante as ferias: https://t.co/iT1QuEz2i3 https://t.co/YQVMi9n0Kq'",False,False,1,29,
2018-01-13 19:00:03,Saraiva,,"b'O ex-presidente @BarackObama selecionou seus livros favoritos de 2017 para a revista Times, e nos fizemos uma lista pra quem confia nas dicas de leitura dele: https://t.co/WD9J99vVJD https://t.co/vjL8rWb9cj'",False,False,1,30,
2018-01-13 15:30:00,Saraiva,,"b'Ta chegando a hora de colocar a mochilo nas costas e cair nos estudos. Mas mochila vazia nao rola, ne? Entao aproveite a maior volta as aulas do Brasil: https://t.co/1BwqQZP9Lk https://t.co/HmYK0FyPnB'",False,False,2,33,
2018-01-13 13:30:00,Saraiva,,"b'Hoje e aniversario de 83 Didi Moco Sonrisal Colesterol Novalgino Mufumbo, ou melhor, do grande #RenatoAragao!!! Conheca a historia desse humorista que ja fez tantas geracoes gargalharem: https://t.co/XojC5UdGxy https://t.co/RHhPevDkzF'",False,False,10,80,
2018-01-12 22:30:00,Saraiva,,"b'Se esse e o seu ideal de programa perfeito, seu lugar e na Megapromo da Saraiva aproveitando blu-rays por R$17,90 cada: https://t.co/Ei3lCWswyl https://t.co/hiCJmScEKm'",False,False,2,25,
2018-01-12 20:00:02,Saraiva,,"b'Boa noticia pra quem tava com o e-reader meio parado: temos uma selecao de e-Books incriveis da @Intrinseca a partir de R$4,90: https://t.co/SqkEmFDJQV https://t.co/IEXRtNV91b'",False,False,0,15,
2018-01-12 19:15:00,Saraiva,,"b'Quico, Quico, RA, RA, RA!!! Nossos parabens ao lendario Carlos Villagran por seus 75 anos. Comemore com o melhor do #Quico: https://t.co/PplNhFqQrt https://t.co/qGY5LQIGqO'",False,False,8,57,
2018-01-12 18:22:22,Saraiva,,b'Primeiro passa para alcancar o sonho de ser um advogado: um Vade Mecum atualizado! Vem que tem edicao 2018 do Vade Mecum Saraiva: https://t.co/5vjPkDvKt5 https://t.co/bcJi3LqNWm',False,False,0,14,
2018-01-11 19:00:12,Saraiva,,b'TEM NOVIDADE PARA OS POTTERHEADS:  Garanta a edicao especial da sua casa favorita com 15% de desconto: https://t.co/uOai00jII4 https://t.co/QtJubI4ppX',False,False,2,34,
2018-01-11 19:00:02,Saraiva,,"b'E se a gente te contar que ta rolando 20% OFF em varios produtos geek usando o cupom GEEK20? Entao nao fica ai parado, chega mais: https://t.co/kLEWZZsE1P https://t.co/YCdkaeAr4L'",False,False,0,16,
2018-01-11 18:09:00,Saraiva,,"b'E como nao gostar de um filme cheio de acao frenetica e com muito slow motion? Garanta ""Kingsman - o Circulo Dourado"" na pre-venda: https://t.co/hGh9Cg5TwB https://t.co/r6IaL6oBty'",False,False,2,19,
2018-01-10 23:00:03,Saraiva,,"b'Achou que a historia de Lou Clark tinha acabado? Nada disso. A @jojomoyes preparou mais emocao pra gente. Garanta ""Ainda Sou Eu"" na pre-venda: https://t.co/FzQxRGFvHY https://t.co/5XGBSTC7gT'",False,False,2,42,
2018-01-10 21:30:00,Saraiva,,"b'O universo de Star Wars ainda tem muitas aventuras para conhecer. Confira essa historia do Jedi Pax Pavan contra Darth Vader no livro ""Star Wars - Perseguicao ao Jedi"": https://t.co/7oftqUFSD7 https://t.co/VXnDY1GHx4'",False,False,5,28,
2018-01-10 12:35:50,Saraiva,,b'Quer chamar a galera e curtir um som? Ta sem musica? Entao vem pra Megapromo da Saraiva garanta a playlist: https://t.co/fN3waTX0f6 https://t.co/0J07RAXVz4',False,False,1,23,
2018-01-10 00:00:00,Saraiva,,"b'Ta chegaaando, hein! Preparados para mais um ano de estudo? Entao so falta aproveitar a volta as aulas da Saraiva e mandar bem nas notas: https://t.co/334nJoXxeh https://t.co/a7Ewpr7Zok'",False,False,0,15,
2018-01-09 22:30:00,Saraiva,,b'Duas vantagens em uma colecao: voce conhece as obras do genial #JoseSaramago e ainda deixa a estante de livros muito mais bonita: https://t.co/2rSXXWr6eE https://t.co/kZ3IChFHs2',False,False,1,14,
2018-01-09 21:35:12,Saraiva,,b'Pode avisar a galera que a proxima sessao de cinema e na sua casa. Aproveite a Megapromo de Filmes e Musica: https://t.co/Tua0kLdm1W https://t.co/f0RQsaaIfb',False,False,1,16,
2018-01-09 12:35:00,Saraiva,,"b'Chegou a hora de finalmente comprar o seu #LEV. Escolha o seu, use o cupom AMOLEV20 e garanta 20% OFF: https://t.co/Wj30HJe7uA https://t.co/9yBNVZ70dX'",False,False,0,15,
2018-01-08 22:06:00,Saraiva,,"b'Que tal viver uma das batalhas mais importantes da Segunda Guerra Mundial, no conforto da sua casa, com a direcao de #ChristopherNolan? Garanta ""Dunkirk"" na pre-venda: https://t.co/WuVkQ7Y6A2 https://t.co/HsSQcuv9qb'",False,False,24,116,
2018-01-08 19:00:01,Saraiva,,"b'Muita atencao, Cupomaniacos: toda a livraria com 20% OFF usando o cupom EUAMOLER20. Sim, e real! So vem: https://t.co/ocERttYysD https://t.co/CwhaCbG4ia'",False,False,3,20,
2018-01-08 17:43:07,Saraiva,,"b'Cada epoca tem seu grande genio, e o nosso e #StephenHawking! Celebre com uma breve historia sobre sua longa jornada que hoje completa 76 anos: https://t.co/juonYTL8KO https://t.co/Gc56rOhNCQ'",False,False,8,62,
2018-01-08 16:24:40,Saraiva,,"b'Hoje e dia de celebrar a genialidade, as mil personalidades e os 71 anos do camaleao do Rock. Viva #DavidBowie: https://t.co/f0zWt8fRRa https://t.co/9hRpieGiH2'",False,False,21,75,
2018-01-07 22:00:00,Saraiva,,"b'Em 2017 ele aterrorizou nos cinemas. Em 2018 vai aterrorizar na sua colecao. Garanta ""It: A Coisa"" na pre-venda da Saraiva: https://t.co/k32A5RhfWF https://t.co/TZVLkCWDRB'",False,False,1,41,
2018-01-07 20:00:00,Saraiva,,b'Um fato: #CallOfDutyWWII e uma das melhores experiencias de imersao na Segunda Guerra Mundial que voce pode ter. Uma dica: tem 12% OFF na Saraiva: https://t.co/yKqtIF8b66 https://t.co/PN9QkqIPKq',False,False,0,13,
2018-01-07 17:00:02,Saraiva,,"b'Ja coloque a mao no queixo e treine a cara de concentracao. Aproveite diversas obras de Grandes Pensadores a partir de R$9,90 + 10% nas compras acima de R$69,00: https://t.co/zdQ6WMpZgU https://t.co/5BUjJx5U6u'",False,False,1,22,
2018-01-07 12:00:01,Saraiva,,"b'Hoje e #DiaDoLeitor e olha so nosso jeito de comemorar: milhares de livros com ate 60% OFF + 10% OFF nas compras acima de R$69,00. #EuAmoLer: https://t.co/aJrjx2QzIa https://t.co/9pCvprXvdW'",False,False,25,179,
2018-01-06 22:00:00,Saraiva,,"b'Alo, amantes da leitura! Selecionamos os livros de ficcao mais vendidos com ofertas de ate 40% OFF. Quer mais? Entao nas compras acima de R$69,00 tem + 10% OFF: https://t.co/sgmvPCV7H7 https://t.co/XXJX9nJx7M'",False,False,3,30,
2018-01-06 19:00:03,Saraiva,,b'Entre na brincadeira da rivalidade entre Marvel e DC nos cinemas  e confira nossas sugestoes de HQs para saber mais sobre os herois! https://t.co/rnNitlNHED https://t.co/mX23uQo7Y0',False,False,1,25,
2018-01-06 15:30:00,Saraiva,,b'Tudo que voce precisa estudar para mandar bem no concurso do TJ e arrasar no emprego novo esta na Apostila Escrevente Tecnico Judiciario: https://t.co/ezKtUXLdvm https://t.co/aWHK1FIDP3',False,False,1,14,
2018-01-06 13:30:01,Saraiva,,"b'Nao tem jeito, temos que aceitar que @BlackSabbath acabou. Mas pelo menos podemos curtir o ultimo show dessa banda eterna. Garanta ""The End"" pra colecao: https://t.co/5Jrlm1l0Yf https://t.co/QSHoRavGwz'",False,False,4,20,
2018-01-05 22:30:00,Saraiva,,"b'Com tantos consoles incriveis com ate 35% OFF, e so escolher o jogo e chamar a galera. Vem pegar o seu: https://t.co/UbqgNdy3kE https://t.co/AVygquJhm7'",False,False,1,23,
2018-01-05 20:00:01,Saraiva,,"b'#BladeRunner e daqueles filmes com lugar cativo na colecao desde 1982. Agora ele ganhou um sucessor! ""Blade Runner 2049"" ja esta na pre-venda aqui na Saraiva: https://t.co/OgRqGvClqJ https://t.co/fsyPMYDMM2'",False,False,0,9,
2018-01-05 18:15:40,Saraiva,,"b'#UmbertoEco faria 85 anos. O italiano e um dos maiores filosofos e escritores do seculo XX. Que tal conhecer o seu ultimo livro? Confira ""Pape Satan Aleppe"": https://t.co/dR8pmP6ABi https://t.co/D7mI9yVsdJ'",False,False,6,21,
2018-01-04 21:00:01,Saraiva,,b'Ta procurando um pouco de ritmo pra embalar esse comeco de ano? Jazz e Blues e na Saraiva: https://t.co/nWMN6EmHPz https://t.co/EDwHBpAkHi',False,False,5,35,
2018-01-04 19:00:00,Saraiva,,b'Hora de aumentar sua pilha de livros e garantir os descontos de ate 80% do Mega Saldao da Saraiva: https://t.co/d8xag0qOFA https://t.co/VAK81Qvxt1',False,False,6,57,
2018-01-04 17:00:03,Saraiva,,b'Tem trilha sonora melhor para comemorar os 58 anos de #MichaelStipe do que com @remhq? So com @remhq em dobro:  https://t.co/3bO25iwRJC https://t.co/W9OQzT8qIk',False,False,0,12,
2018-01-04 16:25:18,Saraiva,,"b'Voce faz parte da galera do autoboicote, que sempre espera um ""fator externo""  para realizar as coisas? Dica do #MarioSergioCortella: PARE! Se precisar de ajuda, tem ""A Sorte Segue A Coragem!"" na pre-venda: https://t.co/JjwWQ1T2Nb https://t.co/IwsVvYyFWk'",False,False,2,26,
2018-01-03 21:00:00,Saraiva,,"b'Estaria o futuro escrito nas estrelas? Pra quem acredita nas energias do cosmos, ja pode conferir as previsoes para 2018: https://t.co/DQBRQsOMv7 https://t.co/6tyDubFoEb'",False,False,3,24,
2018-01-03 19:00:00,Saraiva,,b'Ta sem nada pra assistir? Entao vem aproveitar essa selecao de filmes e series com ate 50% OFF: https://t.co/zlddVUyhbx https://t.co/asbpvF73Va',False,False,1,22,
2018-01-03 17:00:01,Saraiva,,"b'O ano de 2018 promete manter os cinefilos satisfeitos e empolgados. Alem de continuacoes de sagas, como Cinquenta Tons de Cinza, Animais Fantasticos e Onde Habitam, X-Men, Jurassic Park e Circulo de Fogo, Lady Gaga fara sua primeira protagonista. Vem ver: https://t.co/0suFHMl7LS https://t.co/PBUIHWQ23p'",False,False,2,20,
2018-01-03 16:00:02,Saraiva,,"b'O jogo mais aterrorizante de 2017 merece uma versao ainda mais sinistra. Vem pegar o seu ""Resident Evil 7 - Gold Edition"": https://t.co/h3pgY4hN5v https://t.co/5LBerQA61U'",False,False,1,27,
2018-01-03 14:00:01,Saraiva,,b'Hoje e #Tolkienday! Celebre os 125 anos do grande mestre da fantasia: https://t.co/LQAN6WWOyV https://t.co/blwYQL991j',False,False,14,51,
2018-01-03 12:24:06,Saraiva,,"b'Papai Noel tem 1 ano de pura curticao pela frente e esta indisponivel no momento. Mas nao se preocupe, ele deixou MUITA coisa legal aqui no Saldao de Natal da Saraiva: https://t.co/mITxQuXug3 https://t.co/OARLg7hzi6'",False,False,1,25,
2018-01-03 11:00:01,Saraiva,,"b'Aproveitando essa onda de Vingadores que vem por ai, voce ja pode comecar o aquecimento com ""Lego Marvel Super Heroes 2"" edicao deluxe para PS4: https://t.co/RhasM9LXIy https://t.co/rN8WrCf9Bk'",False,False,0,18,
2018-01-02 20:00:02,Saraiva,,"b'Quando @jadsejadson sobem no palco e comecam a tocar, pegam pesado mesmo! Prepare-se, porque com essa dupla tem ""Balada Bruta"": https://t.co/h7mlYioyFf https://t.co/wn75A9yl8A'",False,False,2,20,
2018-01-02 16:00:02,Saraiva,,"b'#IsaacAsimov foi um mestre da ficcao, um dos primeiros a pensar em robotica e inteligencia artifical. No dia em que faria 97 anos, celebrar com seu maior classico e quase como ler um livro lancado ontem: https://t.co/kumOF7IJdo https://t.co/hsRAwANCV3'",False,False,5,24,
2018-01-02 11:30:00,Saraiva,,"b'O best-seller mais quente dos ultimos tempos esta terminando. Sera que, no fim, vai prevalecer o  ou o ? Pra descobrir, so lendo ""Cinquenta Tons de Liberdade: O Capitulo Final"": https://t.co/OL6CWdw2J8 https://t.co/sOC01P7Tmc'",False,False,10,38,
2018-01-01 22:00:01,Saraiva,,"b'A autora #JuliaQuinn conta uma historia sobre como o amor pode curar ate os coracoes mais machucados. Confira ""Mais Lindo Que a Lua"": https://t.co/oKZjvetpzn https://t.co/rRxr5vEs9A'",False,False,3,52,
2018-01-01 19:00:02,Saraiva,,"b'Conhece todas as aveturas de #ObiWanKenobi, #Luke e #Anakin? Comece 2018 explorando a vida desses 3 personagens lendarios com os livros do box ""Star Wars Legends"": https://t.co/2ld7xafT6S https://t.co/m2jNJ4H0so'",False,False,4,36,
2018-01-01 16:00:00,Saraiva,,"b'Tem algum fa do @felipeneto por ai? Sao milhoes de corujinhas que vao amar esse ""Kit Coruja - Felipe Neto"" exclusivo da Saraiva (e ainda acompanha varios brindes superlegais). Olha so: https://t.co/vkDWft7I8p https://t.co/xQkOE6w8MM'",False,False,141,2238,
2018-01-01 12:00:01,Saraiva,,"b'Nunca e demais se apaixonar pela historia de ""O Pequeno Principe"". Comece 2018 lendo ou relendo esse classico: https://t.co/r2u2lLLBbF https://t.co/0GLxUDCU8Z'",False,False,9,67,
2018-01-01 02:00:00,Saraiva,,b'Uhulll!!! Desejamos a todos um feliz Ano Novo! https://t.co/4OI0W2cnjm',False,False,12,137,
2017-12-31 20:00:03,Saraiva,,"b'O @gusttavo_lima chamou os amigos do sertanejo, preparou varias cancoes  classicas e armou o ""Buteco do Gusttavo Lima Vol. 2"": https://t.co/C9az41hwy1 https://t.co/GQ9sX6BcCm'",False,False,0,4,
2017-12-31 17:00:04,Saraiva,,"b'A gente nem termina o ano e ja ta pensando no carnaval. Pra quem e de sambar na avenida, ja pode comecar a aquecer com os ""Sambas de Enredo do Rio de Janeiro"": https://t.co/VmupiWSAWB https://t.co/X4vZPuEORB'",False,False,3,21,
2017-12-31 12:00:01,Saraiva,,b'Hoje e dia de 7.0 da rainha @LitaRee_real!!! Entre na comemoracao e conheca algumas das milhares de historias da diva do Rock nacional: https://t.co/aUS0eMFWiK https://t.co/kyspW2CND4',False,False,4,40,
2017-12-30 22:00:02,Saraiva,,"b'Espionagem, guerra fria e @CharlizeAfrica quebrando tudo. Nao falta nada pra ""Atomica"" ser um filme que merece um lugar na sua colecao. https://t.co/CnarKmiE05 https://t.co/zyOjIQoqbj'",False,False,1,21,
2017-12-30 19:00:02,Saraiva,,b'Um guia com tudo que voce precisa saber para fechar ate os negocios mais dificeis. Olha so: https://t.co/RrkSKVRptd https://t.co/TjssV46CZT',False,False,2,13,
2017-12-29 22:30:00,Saraiva,,"b'Se tem um momento para entender sobre Bitcoin, Blockchain e tudo relacionado a isso, e agora! Entenda a moeda do futuro e como utiliza-la: https://t.co/J2gGFUvZJi https://t.co/BiAS7BRNXI'",False,False,3,21,
2017-12-29 11:00:01,Saraiva,,b'Hoje e dia de homenagear o eterno #CandidoPortinari por seus 114 anos de historia. Conheca a vida e a obra de um dos maiores artistas brasileiros:  https://t.co/rjliwF1OgA https://t.co/a11Fzxa9TN',False,False,3,20,
2017-12-28 19:00:02,Saraiva,,"b'Com tanta juventude, nem parece que @TheRealStanLee esta completando 95 anos! Nada mais justo do que comemorar com uma biografia em quadrinhos: https://t.co/BfmSg7fnfU https://t.co/KERoJN9sUt'",False,False,4,35,
2017-12-28 15:00:00,Saraiva,,"b'Hoje aniversario de 81 anos do empresario que, durante muito tempo, foi sinonimo de sucesso no Brasil. Conheca as dicas de #AbilioDiniz: https://t.co/i1W6b5cxDx https://t.co/WhfDc4mCBb'",False,False,0,17,
2017-12-27 14:00:03,Saraiva,,b'Hoje completamos 1 ano sem Carrie Fisher e nunca e demais homenagea-la! Conheca mais  sobre essa mulher incrivel e eterna na cultura pop: https://t.co/sxwSUsW3su https://t.co/dDNYDTnqwA',False,False,42,144,
2017-12-26 16:03:12,Saraiva,,"b'Conheca toda a historia da santa que conquistou a fe do Brasil. Confira ""Aparecida"": https://t.co/Pkxo2C03hN https://t.co/mPoBoABwKG'",False,False,1,28,
2017-12-25 18:04:00,Saraiva,,"b'Por enquanto voce pode ficar so assim, mas logo logo os estudos voltam e e bom voce ja se garantir. Aproveite a volta as aulas aqui na Saraiva: https://t.co/U0SUcbTggQ https://t.co/iZ1MEuZFGl'",False,False,2,36,
2017-12-23 20:02:00,Saraiva,,"b'Dicas para assistir ""Annabelle 2 - A Criacao do Mal"": nao esteja sozinho, nao veja a noite, jogue todas as suas bonecas fora e  garanta o seu na Saraiva: https://t.co/lpBPFp0ni8 https://t.co/lUJTEO5B2i'",False,False,4,24,
2017-12-22 22:10:00,Saraiva,,"b'Pois e, pois e, pois e... Hoje e o aniversario de @LaChilindrina, a nossa amada Chiquinha! Que tal uma maratona de Chaves pra celebrar? Chega mais: https://t.co/H1yS9aBp5w https://t.co/C2eIiO7mv8'",False,False,6,61,
2017-12-22 19:33:16,Saraiva,,"b'Toda a vibe dos anos 80 e um toque de loucura no filme brasileiro mais falado do ano. Vem pegar seu DVD de ""Bingo - o Rei Das Manhas"": https://t.co/6S2Ub1NnLc https://t.co/A6Gp3aJpTL'",False,False,2,24,
2017-12-22 17:48:37,Saraiva,,"b'RT @sensacionalista: De tanto ganhar meias de Natal, tio-avo ganha livro e tenta calca-lo https://t.co/Y7ulOYKYmO'",False,False,153,0,
2017-12-21 17:12:48,Saraiva,,"b'@Ha_faela Ola Rafaela, nos informe por DM o numero do pedido e o nome completo para verificarmos.'",False,False,0,11,
2017-12-19 16:00:03,Saraiva,,"b'Tem CDs e DVDs de musica com ate 60% OFF na Saraiva e se ate o Papai Noel entrou na danca, voce ta vacilando se nao aproveitar: https://t.co/uVMdaT0ogD https://t.co/KykD2U067D'",False,False,1,22,
2017-12-19 11:30:01,Saraiva,,"b'Toda a vibe dos anos 80 e um toque de loucura no filme brasileiro mais falado do ano. Vem pegar seu DVD de ""Bingo - o Rei Das Manhas"": https://t.co/UxzfZ7teji https://t.co/ut5aWqR8Na'",False,False,1,19,
2017-12-18 22:00:01,Saraiva,,"b'Falou em blockbuster, falou no aniversariante #StevenSpielberg. Pra celebrar seus 71 anos, perguntamos ""Voce Conhece Steven Spielberg?"": https://t.co/uP9PLiz1x9 https://t.co/GoyNRv5HGh'",False,False,4,28,
2017-12-18 19:31:55,Saraiva,,b'RT @maisasilva: AAAAA saiu um dos videos que eu mais gosto de fazer e que voces sempre pedem: MATERIAL ESCOLAR  https://t.co/pbH98W39NY...',False,False,103,0,
2017-12-18 19:00:04,Saraiva,,"b'Ta precisando ler umas verdades e encarar os seus monstros? Entao voce precisar de alguns ""Textos Crueis Demais Para Serem Lidos Rapidamente"": https://t.co/OwPrW2e31f https://t.co/kO8R1GgDyv'",False,False,0,23,
2017-12-18 16:00:02,Saraiva,,"b'O cantor @chrisbrown esta de volta cheio de ritmo e swing. Garanta ""Heartbreak On A Full Moon"" com 2 CDs na pre-venda: https://t.co/4ZOutS5NE8 https://t.co/jXYdSrJ8hG'",False,False,64,149,
